{
  "model_name": "grok-4.1-fast",
  "quantity_id": "labor_supply.income_elasticity.prime_age",
  "n_successful_runs": 15,
  "pooled_point_estimate": -0.1,
  "pooled_lower_bound": -0.49696969696969706,
  "pooled_upper_bound": 0.28648648648648656,
  "reml_predictive_lower": -0.45677249215896687,
  "reml_predictive_upper": 0.21390454672874792,
  "bayes_predictive_lower": -0.2963080759097114,
  "bayes_predictive_upper": 0.0825880709731397,
  "positive_runs": 0,
  "negative_runs": 15,
  "zero_runs": 0,
  "total_cost_usd": 0.0044907
}