quantity_id,quantity_name,mini_point,nano_point,abs_point_diff,mini_interval,nano_interval,mini_width,nano_width,mini_cost_per_run,nano_cost_per_run
tax.elasticity_of_taxable_income.top_earners,Elasticity of taxable income,0.38333333333333336,0.7,0.3166666666666666,"[0.0672, 1.19]","[-0.404, 2.68]",1.123577599867236,3.084491860815723,0.0011901,0.00031926666666666666
labor_supply.frisch_elasticity.prime_age,Frisch elasticity of labor supply,0.48000000000000004,0.69,0.2099999999999999,"[0.0727, 1.81]","[0.172, 1.97]",1.7413885083988134,1.7951519239199767,0.0011554,0.00031344666666666663
household.intertemporal_elasticity_of_substitution,Intertemporal elasticity of substitution,0.5266666666666667,0.7266666666666667,0.19999999999999996,"[0.1, 1.85]","[0.144, 2.14]",1.7456307723535973,1.9966141807550193,0.0011709,0.0003034266666666667
trade.armington_elasticity.import_domestic,Armington elasticity,3.3333333333333335,3.1666666666666665,0.16666666666666696,"[1.12, 9.42]","[0.833, 9.17]",8.302656818038777,8.331835019981375,0.0011297,0.00029508
production.capital_labor_substitution,Elasticity of substitution between capital and labor,0.8766666666666667,0.7233333333333333,0.15333333333333343,"[0.391, 1.79]","[0.207, 1.96]",1.3965167979518431,1.7480985513785754,0.0011589,0.00028577
labor_supply.marshallian_wage_elasticity.prime_age,Uncompensated wage elasticity of labor supply,0.21,0.3466666666666667,0.1366666666666667,"[-0.195, 0.798]","[-0.719, 1.89]",0.9922762717555553,2.6124605326749855,0.0011289,0.00030334
labor_supply.income_elasticity.prime_age,Income elasticity of labor supply,-0.08600000000000001,-0.22,0.134,"[-0.366, 0.135]","[-0.935, 0.317]",0.501302132529182,1.2522969287994226,0.0010949,0.00029724
labor_supply.extensive_margin.single_mothers,Extensive-margin labor-supply elasticity,0.8533333333333334,0.7666666666666667,0.08666666666666667,"[0.106, 2.82]","[-0.232, 2.62]",2.7098308475812787,2.853542526727892,0.0011548,0.00029130000000000003
