quantity_id,quantity_name,gpt-5.4_point,gpt-5.4_interval,gpt-5.4_cost_per_run,gpt-5.4-mini_point,gpt-5.4-mini_interval,gpt-5.4-mini_cost_per_run,gpt-5.4-nano_point,gpt-5.4-nano_interval,gpt-5.4-nano_cost_per_run,abs_diff_gpt54_vs_mini,abs_diff_gpt54_vs_nano
household.intertemporal_elasticity_of_substitution,Intertemporal elasticity of substitution,0.5,"[0.134, 1.5]",0.0040420000000000005,0.5266666666666667,"[0.1, 1.85]",0.0011709,0.7266666666666667,"[0.144, 2.14]",0.0003034266666666667,0.026666666666666727,0.22666666666666668
labor_supply.extensive_margin.single_mothers,Extensive-margin labor-supply elasticity,,,,0.8533333333333334,"[0.106, 2.82]",0.0011548,0.7666666666666667,"[-0.232, 2.62]",0.00029130000000000003,,
labor_supply.frisch_elasticity.prime_age,Frisch elasticity of labor supply,0.5,"[0.2, 1.5]",0.003669333333333333,0.48000000000000004,"[0.0727, 1.81]",0.0011554,0.69,"[0.172, 1.97]",0.00031344666666666663,0.019999999999999962,0.18999999999999995
labor_supply.income_elasticity.prime_age,Income elasticity of labor supply,-0.08600000000000001,"[-0.37, 0.0727]",0.004032666666666667,-0.08600000000000001,"[-0.366, 0.135]",0.0010949,-0.22,"[-0.935, 0.317]",0.00029724,0.0,0.134
labor_supply.marshallian_wage_elasticity.prime_age,Uncompensated wage elasticity of labor supply,0.17666666666666667,"[-0.0989, 0.747]",0.0040290000000000005,0.21,"[-0.195, 0.798]",0.0011289,0.3466666666666667,"[-0.719, 1.89]",0.00030334,0.033333333333333326,0.17
production.capital_labor_substitution,Elasticity of substitution between capital and labor,0.8,"[0.4, 1.3]",0.0038499999999999997,0.8766666666666667,"[0.391, 1.79]",0.0011589,0.7233333333333333,"[0.207, 1.96]",0.00028577,0.07666666666666666,0.07666666666666677
tax.elasticity_of_taxable_income.top_earners,Elasticity of taxable income,0.42000000000000004,"[0.15, 1.27]",0.003836,0.38333333333333336,"[0.0672, 1.19]",0.0011901,0.7,"[-0.404, 2.68]",0.00031926666666666666,0.03666666666666668,0.2799999999999999
trade.armington_elasticity.import_domestic,Armington elasticity,3.1666666666666665,"[0.963, 9.64]",0.0037626666666666668,3.3333333333333335,"[1.12, 9.42]",0.0011297,3.1666666666666665,"[0.833, 9.17]",0.00029508,0.16666666666666696,0.0
