model_name,n_successful_runs,pooled_point_estimate,pooled_lower_bound,pooled_upper_bound,reml_predictive_lower,reml_predictive_upper,bayes_predictive_lower,bayes_predictive_upper,within_run_sd,between_run_sd,total_sd,usage_total_tokens_total,usage_estimated_total_cost_usd_total,usage_total_tokens_per_successful_run,usage_estimated_total_cost_usd_per_successful_run
gpt-5.4,20,0.5,0.19999999999999996,1.4999999999999996,0.1801791456457176,1.3116793469499028,0.2892733889889372,0.8507850912906241,1.296150651126892,0.0,1.296150651126892,6223,0.0737325,311.15,0.0036866250000000002
gpt-5.4-mini,20,0.4925,0.08985507246376809,2.010258531521006,0.12245447805361998,1.7364376389701108,0.2307551220985217,0.9934648431011803,1.3135298142473457,0.06759252917297887,1.3152677761264686,6522,0.02346525,326.1,0.0011732625
gpt-5.4-nano,20,0.725,0.17187499999999994,2.2095170817357364,0.2295251399219593,2.0374554227631654,0.3888071085957403,1.2937730211002372,1.3150409035938768,0.08732124598286493,1.3179368642408482,6331,0.0062663,316.55,0.000313315
